index,rmse
init,0.16483227850203022
0,0.1648424222204095
1,0.16484093975419054
2,0.1648503346764724
3,0.16482769644888445
4,0.1648386608461699
5,0.16485497745023736
6,0.16485329925385322
7,0.16484788592442595
8,0.16484982582503221
9,0.1648431350981276
