temp_feature,rmse
init,0.16484355163961217
total_high_hours,0.16485037193539417
total_low_hours,0.16484634504327683
max_temp,0.1648488337603886
min_temp,0.16484672672258444
