del_num,rmse
init,0.16482101449776895
0,0.16483739848011242
1,0.16484812490219358
2,0.16482713740855345
3,0.16483431377372573
4,0.16485580674722491
5,0.16484275504480855
6,0.1648442469585601
7,0.16483608150048526
8,0.16484609190739252
9,0.16485399944769677
